DayType;DepartureTime
Wrk;04:47
Wrk;04:57
Wrk;05:07
Wrk;05:17
Wrk;05:27
Wrk;05:37
Wrk;05:44
Wrk;05:51
Wrk;05:56
Wrk;06:01
Wrk;06:05
Wrk;06:10
Wrk;06:14
Wrk;06:18
Wrk;06:22
Wrk;06:26
Wrk;06:30
Wrk;06:33
Wrk;06:37
Wrk;06:40
Wrk;06:43
Wrk;06:47
Wrk;06:49
Wrk;06:52
Wrk;06:54
Wrk;06:57
Wrk;06:59
Wrk;07:01
Wrk;07:01
Wrk;07:04
Wrk;07:06
Wrk;07:08
Wrk;07:11
Wrk;07:13
Wrk;07:15
Wrk;07:18
Wrk;07:20
Wrk;07:22
Wrk;07:25
Wrk;07:27
Wrk;07:29
Wrk;07:32
Wrk;07:34
Wrk;07:36
Wrk;07:39
Wrk;07:41
Wrk;07:43
Wrk;07:46
Wrk;07:48
Wrk;07:50
Wrk;07:53
Wrk;07:55
Wrk;07:57
Wrk;08:00
Wrk;08:02
Wrk;08:04
Wrk;08:07
Wrk;08:09
Wrk;08:11
Wrk;08:14
Wrk;08:16
Wrk;08:18
Wrk;08:21
Wrk;08:23
Wrk;08:25
Wrk;08:28
Wrk;08:30
Wrk;08:32
Wrk;08:35
Wrk;08:37
Wrk;08:39
Wrk;08:42
Wrk;08:44
Wrk;08:46
Wrk;08:49
Wrk;08:51
Wrk;08:54
Wrk;08:56
Wrk;08:59
Wrk;09:02
Wrk;09:05
Wrk;09:08
Wrk;09:11
Wrk;09:14
Wrk;09:17
Wrk;09:20
Wrk;09:24
Wrk;09:27
Wrk;09:31
Wrk;09:35
Wrk;09:39
Wrk;09:43
Wrk;09:47
Wrk;09:51
Wrk;09:56
Wrk;10:00
Wrk;10:05
Wrk;10:10
Wrk;10:15
Wrk;10:20
Wrk;10:25
Wrk;10:30
Wrk;10:35
Wrk;10:40
Wrk;10:45
Wrk;10:50
Wrk;10:55
Wrk;11:00
Wrk;11:05
Wrk;11:10
Wrk;11:15
Wrk;11:20
Wrk;11:25
Wrk;11:30
Wrk;11:35
Wrk;11:40
Wrk;11:45
Wrk;11:50
Wrk;11:55
Wrk;12:00
Wrk;12:05
Wrk;12:10
Wrk;12:15
Wrk;12:20
Wrk;12:25
Wrk;12:30
Wrk;12:35
Wrk;12:40
Wrk;12:45
Wrk;12:50
Wrk;12:55
Wrk;13:00
Wrk;13:04
Wrk;13:09
Wrk;13:13
Wrk;13:18
Wrk;13:22
Wrk;13:27
Wrk;13:31
Wrk;13:36
Wrk;13:40
Wrk;13:45
Wrk;13:49
Wrk;13:54
Wrk;13:58
Wrk;14:02
Wrk;14:05
Wrk;14:09
Wrk;14:12
Wrk;14:16
Wrk;14:19
Wrk;14:23
Wrk;14:26
Wrk;14:30
Wrk;14:33
Wrk;14:36
Wrk;14:39
Wrk;14:42
Wrk;14:45
Wrk;14:48
Wrk;14:51
Wrk;14:54
Wrk;14:57
Wrk;15:00
Wrk;15:03
Wrk;15:06
Wrk;15:09
Wrk;15:12
Wrk;15:15
Wrk;15:18
Wrk;15:21
Wrk;15:24
Wrk;15:27
Wrk;15:30
Wrk;15:33
Wrk;15:36
Wrk;15:39
Wrk;15:41
Wrk;15:44
Wrk;15:46
Wrk;15:49
Wrk;15:51
Wrk;15:54
Wrk;15:56
Wrk;15:59
Wrk;16:01
Wrk;16:04
Wrk;16:06
Wrk;16:09
Wrk;16:11
Wrk;16:14
Wrk;16:16
Wrk;16:19
Wrk;16:21
Wrk;16:24
Wrk;16:26
Wrk;16:29
Wrk;16:31
Wrk;16:34
Wrk;16:36
Wrk;16:39
Wrk;16:41
Wrk;16:44
Wrk;16:46
Wrk;16:49
Wrk;16:51
Wrk;16:54
Wrk;16:56
Wrk;16:59
Wrk;17:01
Wrk;17:04
Wrk;17:06
Wrk;17:09
Wrk;17:11
Wrk;17:14
Wrk;17:16
Wrk;17:19
Wrk;17:21
Wrk;17:24
Wrk;17:27
Wrk;17:29
Wrk;17:32
Wrk;17:35
Wrk;17:38
Wrk;17:41
Wrk;17:44
Wrk;17:47
Wrk;17:50
Wrk;17:53
Wrk;17:57
Wrk;18:00
Wrk;18:04
Wrk;18:07
Wrk;18:11
Wrk;18:14
Wrk;18:18
Wrk;18:21
Wrk;18:25
Wrk;18:28
Wrk;18:32
Wrk;18:35
Wrk;18:39
Wrk;18:43
Wrk;18:47
Wrk;18:51
Wrk;18:55
Wrk;19:00
Wrk;19:05
Wrk;19:10
Wrk;19:16
Wrk;19:21
Wrk;19:27
Wrk;19:32
Wrk;19:38
Wrk;19:43
Wrk;19:49
Wrk;19:54
Wrk;20:00
Wrk;20:05
Wrk;20:11
Wrk;20:17
Wrk;20:23
Wrk;20:29
Wrk;20:35
Wrk;20:41
Wrk;20:47
Wrk;20:53
Wrk;20:59
Wrk;21:04
Wrk;21:12
Wrk;21:19
Wrk;21:27
Wrk;21:34
Wrk;21:42
Wrk;21:49
Wrk;21:57
Wrk;22:07
Wrk;22:17
Wrk;22:27
Wrk;22:37
Wrk;22:47
Wrk;22:57
Wrk;23:07
Wrk;23:17
Wrk;23:27
Wrk;23:37
Wrk;23:47
Wrk;23:57
Wrk;00:07
Wrk;00:17
Sat;04:47
Sat;04:57
Sat;05:07
Sat;05:17
Sat;05:27
Sat;05:37
Sat;05:47
Sat;05:57
Sat;06:07
Sat;06:17
Sat;06:27
Sat;06:37
Sat;06:47
Sat;06:57
Sat;07:04
Sat;07:12
Sat;07:19
Sat;07:27
Sat;07:34
Sat;07:42
Sat;07:49
Sat;07:57
Sat;08:04
Sat;08:12
Sat;08:19
Sat;08:27
Sat;08:34
Sat;08:42
Sat;08:49
Sat;08:57
Sat;09:04
Sat;09:12
Sat;09:18
Sat;09:24
Sat;09:30
Sat;09:36
Sat;09:42
Sat;09:48
Sat;09:54
Sat;10:00
Sat;10:06
Sat;10:12
Sat;10:18
Sat;10:24
Sat;10:30
Sat;10:36
Sat;10:42
Sat;10:48
Sat;10:54
Sat;11:00
Sat;11:06
Sat;11:12
Sat;11:18
Sat;11:24
Sat;11:30
Sat;11:36
Sat;11:42
Sat;11:48
Sat;11:54
Sat;12:00
Sat;12:06
Sat;12:12
Sat;12:18
Sat;12:24
Sat;12:30
Sat;12:36
Sat;12:42
Sat;12:48
Sat;12:54
Sat;13:00
Sat;13:06
Sat;13:12
Sat;13:18
Sat;13:24
Sat;13:30
Sat;13:36
Sat;13:42
Sat;13:48
Sat;13:54
Sat;14:00
Sat;14:06
Sat;14:12
Sat;14:18
Sat;14:24
Sat;14:30
Sat;14:36
Sat;14:42
Sat;14:48
Sat;14:54
Sat;15:00
Sat;15:06
Sat;15:12
Sat;15:18
Sat;15:24
Sat;15:30
Sat;15:36
Sat;15:42
Sat;15:48
Sat;15:54
Sat;16:00
Sat;16:06
Sat;16:12
Sat;16:18
Sat;16:24
Sat;16:30
Sat;16:36
Sat;16:42
Sat;16:48
Sat;16:54
Sat;17:00
Sat;17:06
Sat;17:12
Sat;17:18
Sat;17:24
Sat;17:30
Sat;17:36
Sat;17:42
Sat;17:48
Sat;17:54
Sat;18:00
Sat;18:06
Sat;18:12
Sat;18:18
Sat;18:24
Sat;18:30
Sat;18:36
Sat;18:42
Sat;18:48
Sat;18:54
Sat;19:00
Sat;19:06
Sat;19:12
Sat;19:18
Sat;19:24
Sat;19:30
Sat;19:36
Sat;19:42
Sat;19:48
Sat;19:54
Sat;20:00
Sat;20:06
Sat;20:12
Sat;20:19
Sat;20:27
Sat;20:34
Sat;20:42
Sat;20:49
Sat;20:57
Sat;21:04
Sat;21:12
Sat;21:19
Sat;21:27
Sat;21:34
Sat;21:42
Sat;21:49
Sat;21:57
Sat;22:07
Sat;22:17
Sat;22:27
Sat;22:37
Sat;22:47
Sat;22:57
Sat;23:07
Sat;23:17
Sat;23:27
Sat;23:37
Sat;23:47
Sat;23:57
Sat;00:07
Sat;00:17
Sun;04:47
Sun;04:57
Sun;05:07
Sun;05:17
Sun;05:27
Sun;05:37
Sun;05:47
Sun;05:57
Sun;06:07
Sun;06:17
Sun;06:27
Sun;06:37
Sun;06:47
Sun;06:57
Sun;07:07
Sun;07:17
Sun;07:27
Sun;07:37
Sun;07:47
Sun;07:57
Sun;08:07
Sun;08:17
Sun;08:27
Sun;08:37
Sun;08:47
Sun;08:57
Sun;09:07
Sun;09:17
Sun;09:27
Sun;09:37
Sun;09:47
Sun;09:56
Sun;10:04
Sun;10:12
Sun;10:19
Sun;10:27
Sun;10:34
Sun;10:42
Sun;10:49
Sun;10:57
Sun;11:04
Sun;11:12
Sun;11:19
Sun;11:27
Sun;11:34
Sun;11:42
Sun;11:49
Sun;11:57
Sun;12:04
Sun;12:12
Sun;12:19
Sun;12:27
Sun;12:34
Sun;12:42
Sun;12:49
Sun;12:57
Sun;13:04
Sun;13:12
Sun;13:19
Sun;13:27
Sun;13:34
Sun;13:42
Sun;13:49
Sun;13:57
Sun;14:04
Sun;14:12
Sun;14:18
Sun;14:24
Sun;14:30
Sun;14:36
Sun;14:42
Sun;14:48
Sun;14:54
Sun;15:00
Sun;15:06
Sun;15:12
Sun;15:18
Sun;15:24
Sun;15:30
Sun;15:36
Sun;15:42
Sun;15:48
Sun;15:54
Sun;16:00
Sun;16:06
Sun;16:12
Sun;16:18
Sun;16:24
Sun;16:30
Sun;16:36
Sun;16:42
Sun;16:48
Sun;16:54
Sun;17:00
Sun;17:06
Sun;17:12
Sun;17:18
Sun;17:24
Sun;17:30
Sun;17:36
Sun;17:42
Sun;17:48
Sun;17:54
Sun;18:00
Sun;18:06
Sun;18:12
Sun;18:18
Sun;18:24
Sun;18:30
Sun;18:36
Sun;18:42
Sun;18:48
Sun;18:54
Sun;19:00
Sun;19:06
Sun;19:12
Sun;19:18
Sun;19:24
Sun;19:30
Sun;19:36
Sun;19:42
Sun;19:48
Sun;19:54
Sun;20:00
Sun;20:06
Sun;20:12
Sun;20:19
Sun;20:27
Sun;20:34
Sun;20:42
Sun;20:49
Sun;20:57
Sun;21:04
Sun;21:12
Sun;21:19
Sun;21:27
Sun;21:34
Sun;21:42
Sun;21:49
Sun;21:57
Sun;22:07
Sun;22:17
Sun;22:27
Sun;22:37
Sun;22:47
Sun;22:57
Sun;23:07
Sun;23:17
Sun;23:27
Sun;23:37
Sun;23:47
Sun;23:57
Sun;00:07
Sun;00:17